port,country,organization,timestamp
104,China,"Aliyun Computing Co., LTD",2026-07-24T22:15:13.614236
104,China,"Aliyun Computing Co., LTD",2026-07-24T22:15:11.783307
104,China,"Aliyun Computing Co., LTD",2026-07-24T22:14:47.107557
104,United Kingdom,"Fly.io, Inc.",2026-07-24T22:14:44.845994
104,Israel,Internet Rimon,2026-07-24T22:14:17.190306
104,United Kingdom,"Fly.io, Inc.",2026-07-24T22:14:14.574963
104,China,"Aliyun Computing Co., LTD",2026-07-24T22:14:10.839184
104,China,"Aliyun Computing Co., LTD",2026-07-24T22:13:59.102606
104,Singapore,Linode,2026-07-24T22:13:58.924425
104,United States,Zenlayer Inc,2026-07-24T22:13:31.751951
104,China,"Aliyun Computing Co., LTD",2026-07-24T22:13:29.238929
104,China,"Aliyun Computing Co., LTD",2026-07-24T22:13:27.601851
104,United States,Avago Technologies U.S. Inc.,2026-07-24T22:13:21.483612
104,China,"Aliyun Computing Co., LTD",2026-07-24T22:13:12.536530
104,China,"Aliyun Computing Co., LTD",2026-07-24T22:13:10.994435
104,Hong Kong,Alibaba Cloud LLC,2026-07-24T22:12:45.285573
104,Germany,OVH GmbH,2026-07-24T22:12:39.742412
104,China,"Aliyun Computing Co., LTD",2026-07-24T22:12:24.063357
104,United States,M247 Europe SRL,2026-07-24T22:12:17.822762
104,China,"Aliyun Computing Co., LTD",2026-07-24T22:12:10.958711
104,China,Aliyun Computing Co.LTD,2026-07-24T22:12:06.751998
104,Mexico,"Asia Pacific Network Information Center, Pty. Ltd.",2026-07-24T22:12:04.348403
104,China,China Unicom Henan province network,2026-07-24T22:12:01.592267
104,Israel,Internet Rimon,2026-07-24T22:11:22.078121
104,Israel,Internet Rimon,2026-07-24T22:11:19.197292
104,,,2026-07-24T22:11:01.047006
104,China,Aliyun Computing Co.LTD,2026-07-24T22:10:28.386799
104,China,"Aliyun Computing Co., LTD",2026-07-24T22:10:26.922285
104,Singapore,ACEVILLE PTE.LTD.,2026-07-24T22:10:16.810197
104,Maldives,Dhivehinet ADSL Services,2026-07-24T22:10:04.305361
104,China,"Aliyun Computing Co., LTD",2026-07-24T22:09:59.516762
104,Israel,Internet Rimon,2026-07-24T22:09:44.063472
104,United Kingdom,"Fly.io, Inc.",2026-07-24T22:09:38.535613
104,Singapore,ACEVILLE PTE.LTD.,2026-07-24T22:09:35.460865
104,Israel,Internet Rimon,2026-07-24T22:09:09.093547
104,China,Aliyun Computing Co.LTD,2026-07-24T22:09:01.023746
104,Brazil,Agencia Estado Ltda,2026-07-24T22:08:57.482856
104,Singapore,ACEVILLE PTE.LTD.,2026-07-24T22:08:48.393349
104,Israel,Internet Rimon,2026-07-24T22:08:39.475447
104,Singapore,ACEVILLE PTE.LTD.,2026-07-24T22:08:38.581395
104,United Kingdom,"Fly.io, Inc.",2026-07-24T22:08:27.913846
104,China,"Aliyun Computing Co., LTD",2026-07-24T22:08:27.387810
104,China,"Aliyun Computing Co., LTD",2026-07-24T22:08:24.485152
104,United States,"Strong Technology, LLC.",2026-07-24T22:08:22.953510
104,Canada,Videotron Ltee,2026-07-24T22:08:17.639928
104,China,"Aliyun Computing Co., LTD",2026-07-24T22:08:13.491320
104,China,"Aliyun Computing Co., LTD",2026-07-24T22:08:09.795932
104,China,"Aliyun Computing Co., LTD",2026-07-24T22:08:08.646721
104,China,Aliyun Computing Co.LTD,2026-07-24T22:08:05.495685
104,China,"Aliyun Computing Co., LTD",2026-07-24T22:07:59.523790
104,China,Aliyun Computing Co.LTD,2026-07-24T22:07:52.332686
104,China,"Aliyun Computing Co., LTD",2026-07-24T22:07:51.152778
104,China,"Aliyun Computing Co., LTD",2026-07-24T22:07:48.048796
104,China,China Mobile Communications Corporation,2026-07-24T22:07:36.649544
104,China,"Aliyun Computing Co., LTD",2026-07-24T22:07:14.128099
104,United States,Avago Technologies U.S. Inc.,2026-07-24T22:07:03.042103
104,China,"Aliyun Computing Co., LTD",2026-07-24T22:06:58.162511
104,Israel,Internet Rimon,2026-07-24T22:06:54.110929
104,Singapore,ACEVILLE PTE.LTD.,2026-07-24T22:06:24.519968
104,Singapore,ACEVILLE PTE.LTD.,2026-07-24T22:06:19.797801
104,United States,Zenlayer Inc,2026-07-24T22:06:17.860039
104,China,"Aliyun Computing Co., LTD",2026-07-24T22:06:15.533877
104,China,China Unicom Henan province network,2026-07-24T22:05:42.068495
104,Israel,Internet Rimon,2026-07-24T22:05:41.823258
104,China,Aliyun Computing Co.LTD,2026-07-24T22:05:37.226459
104,China,"Aliyun Computing Co., LTD",2026-07-24T22:05:33.756050
104,United States,M247 Ltd Las Vegas,2026-07-24T22:05:33.255577
104,China,"Aliyun Computing Co., LTD",2026-07-24T22:05:27.562403
104,China,"Aliyun Computing Co., LTD",2026-07-24T22:05:27.129621
104,China,"Aliyun Computing Co., LTD",2026-07-24T22:05:26.285553
104,China,"Aliyun Computing Co., LTD",2026-07-24T22:05:21.007880
104,China,"Aliyun Computing Co., LTD",2026-07-24T22:05:18.222357
104,United States,Internet Utilities Europe and Asia Limited,2026-07-24T22:05:16.979100
104,China,"Aliyun Computing Co., LTD",2026-07-24T22:05:03.201459
104,Mauritius,Mauritius Telecom Ltd,2026-07-24T22:05:02.038196
104,Australia,Linode,2026-07-24T22:04:43.203195
104,United States,Brander Group Inc,2026-07-24T22:04:42.536400
104,Viet Nam,Viettel Group,2026-07-24T22:04:40.817741
104,United Kingdom,"Fly.io, Inc.",2026-07-24T22:04:40.286627
104,China,"Aliyun Computing Co., LTD",2026-07-24T22:04:32.122278
104,China,China Mobile Communications Corporation,2026-07-24T22:04:24.052279
104,China,"Aliyun Computing Co., LTD",2026-07-24T22:04:19.015441
104,United Kingdom,"Fly.io, Inc.",2026-07-24T22:04:18.086307
104,Singapore,Alibaba Cloud - SG,2026-07-24T22:04:16.269875
104,Singapore,ACEVILLE PTE.LTD.,2026-07-24T22:04:13.129478
104,Canada,Acadia University,2026-07-24T22:03:50.168752
104,United States,"Fly.io, Inc",2026-07-24T22:03:48.380375
104,United Kingdom,"Fly.io, Inc.",2026-07-24T22:03:47.447580
104,China,"Tencent Cloud Computing (Beijing) Co., Ltd",2026-07-24T22:03:44.119882
104,China,"Aliyun Computing Co., LTD",2026-07-24T22:03:42.980349
104,Netherlands,"Digital Ocean, Inc.",2026-07-24T22:03:38.499637
104,United States,Avago Technologies U.S. Inc.,2026-07-24T22:03:38.175148
104,United Kingdom,"Fly.io, Inc.",2026-07-24T22:03:33.958557
104,China,"Aliyun Computing Co., LTD",2026-07-24T22:03:27.289597
104,Israel,Internet Rimon,2026-07-24T22:03:26.090326
104,China,"Aliyun Computing Co., LTD",2026-07-24T22:02:48.764884
104,China,"Aliyun Computing Co., LTD",2026-07-24T22:02:39.021302
104,United Kingdom,"Fly.io, Inc.",2026-07-24T22:02:37.849988
104,United States,"Fly.io, Inc",2026-07-24T22:02:33.929017
104,United Kingdom,"Fly.io, Inc.",2026-07-24T22:02:22.398939
